Workbook

Sheet Sheet1
A1: 商品编码 | B1: 平台销售编码 | C1: 平台商品编码 | D1: FBA可用库存 | E1: FBA在途库存 | F1: 头程在途 | G1: 合计 | H1: 海外仓可用库存 | I1: 海外仓在途库存 | J1: 本地仓可用库存
A2: ZC2CLK05000 | B2: B0HD5FB81R | C2: 6505CLK050KUS | D2: =VLOOKUP(B:B,[1]FBA库存明细10.19!$L:$P,5,0) -> 12 | E2: =VLOOKUP(B:B,[1]FBA库存明细10.19!$L:$Q,6,0) -> 3 | F2: =VLOOKUP(B:B,[1]FBA库存明细10.19!$L:$T,9,0) -> 6 | G2: =D2+F2 -> 18 | H2: =VLOOKUP(A:A,[1]进销存10.20!$A:$J,10,0) -> 29 | I2: =VLOOKUP(A:A,[1]进销存10.20!$A:$K,11,0) -> 25 | J2: =VLOOKUP(A:A,[1]进销存10.20!$A:$L,12,0) -> 17
A3: OO2EWP01300 | B3: B0CKX85NSB | C3: 1002EWP0137US | D3: =VLOOKUP(B:B,[1]FBA库存明细10.19!$L:$P,5,0) -> 0 | E3: =VLOOKUP(B:B,[1]FBA库存明细10.19!$L:$Q,6,0) -> 0 | F3: =VLOOKUP(B:B,[1]FBA库存明细10.19!$L:$T,9,0) -> 35 | G3: =D3+F3 -> 35 | H3: =VLOOKUP(A:A,[1]进销存10.20!$A:$J,10,0) -> 14 | I3: =VLOOKUP(A:A,[1]进销存10.20!$A:$K,11,0) -> 64 | J3: =VLOOKUP(A:A,[1]进销存10.20!$A:$L,12,0) -> 12
A4: OO2EWP09700 | B4: B0FLK4C864 | C4: 9920EWP097BUS | D4: =VLOOKUP(B:B,[1]FBA库存明细10.19!$L:$P,5,0) -> 0 | E4: =VLOOKUP(B:B,[1]FBA库存明细10.19!$L:$Q,6,0) -> 0 | F4: =VLOOKUP(B:B,[1]FBA库存明细10.19!$L:$T,9,0) -> 15 | G4: =D4+F4 -> 15 | H4: =VLOOKUP(A:A,[1]进销存10.20!$A:$J,10,0) -> 34 | I4: =VLOOKUP(A:A,[1]进销存10.20!$A:$K,11,0) -> 0 | J4: =VLOOKUP(A:A,[1]进销存10.20!$A:$L,12,0) -> 0
A5: OO2EWP02900 | B5: B0HD5Q89RG | C5: 5867EWP029MUS | D5: =VLOOKUP(B:B,[1]FBA库存明细10.19!$L:$P,5,0) -> 0 | E5: =VLOOKUP(B:B,[1]FBA库存明细10.19!$L:$Q,6,0) -> 0 | F5: =VLOOKUP(B:B,[1]FBA库存明细10.19!$L:$T,9,0) -> 0 | G5: =D5+F5 -> 0 | H5: =VLOOKUP(A:A,[1]进销存10.20!$A:$J,10,0) -> 14 | I5: =VLOOKUP(A:A,[1]进销存10.20!$A:$K,11,0) -> 37 | J5: =VLOOKUP(A:A,[1]进销存10.20!$A:$L,12,0) -> 23
A6: KC2EWP25500 | B6: B0HD6KL2ZX | C6: 3443EWP2554US | D6: =VLOOKUP(B:B,[1]FBA库存明细10.19!$L:$P,5,0) -> #N/A | E6: =VLOOKUP(B:B,[1]FBA库存明细10.19!$L:$Q,6,0) -> #N/A | F6: =VLOOKUP(B:B,[1]FBA库存明细10.19!$L:$T,9,0) -> #N/A | G6: =D6+F6 -> #N/A | H6: =VLOOKUP(A:A,[1]进销存10.20!$A:$J,10,0) -> 41 | I6: =VLOOKUP(A:A,[1]进销存10.20!$A:$K,11,0) -> 30 | J6: =VLOOKUP(A:A,[1]进销存10.20!$A:$L,12,0) -> 55
A7: OO2EWP02500 | B7: B0HD68B8BL | C7: 9417EWP0256US | D7: =VLOOKUP(B:B,[1]FBA库存明细10.19!$L:$P,5,0) -> 6 | E7: =VLOOKUP(B:B,[1]FBA库存明细10.19!$L:$Q,6,0) -> 0 | F7: =VLOOKUP(B:B,[1]FBA库存明细10.19!$L:$T,9,0) -> 0 | G7: =D7+F7 -> 6 | H7: =VLOOKUP(A:A,[1]进销存10.20!$A:$J,10,0) -> 9 | I7: =VLOOKUP(A:A,[1]进销存10.20!$A:$K,11,0) -> 2 | J7: =VLOOKUP(A:A,[1]进销存10.20!$A:$L,12,0) -> 23
A8: ZC2CLK02900 | B8: B0HD68W4G6 | C8: 2515CLK0299US | D8: =VLOOKUP(B:B,[1]FBA库存明细10.19!$L:$P,5,0) -> 11 | E8: =VLOOKUP(B:B,[1]FBA库存明细10.19!$L:$Q,6,0) -> 7 | F8: =VLOOKUP(B:B,[1]FBA库存明细10.19!$L:$T,9,0) -> 21 | G8: =D8+F8 -> 32 | H8: =VLOOKUP(A:A,[1]进销存10.20!$A:$J,10,0) -> 11 | I8: =VLOOKUP(A:A,[1]进销存10.20!$A:$K,11,0) -> 6 | J8: =VLOOKUP(A:A,[1]进销存10.20!$A:$L,12,0) -> 0
A9: KC2EWP16700 | B9: B0HD5ZTHD1 | C9: 9111EWP167VUS | D9: =VLOOKUP(B:B,[1]FBA库存明细10.19!$L:$P,5,0) -> 0 | E9: =VLOOKUP(B:B,[1]FBA库存明细10.19!$L:$Q,6,0) -> 0 | F9: =VLOOKUP(B:B,[1]FBA库存明细10.19!$L:$T,9,0) -> 16 | G9: =D9+F9 -> 16 | H9: =VLOOKUP(A:A,[1]进销存10.20!$A:$J,10,0) -> 7 | I9: =VLOOKUP(A:A,[1]进销存10.20!$A:$K,11,0) -> 7 | J9: =VLOOKUP(A:A,[1]进销存10.20!$A:$L,12,0) -> 2
A10: KC2EWP26400 | B10: B0HD684QKG | C10: 7973EWP264YUS | D10: =VLOOKUP(B:B,[1]FBA库存明细10.19!$L:$P,5,0) -> 0 | E10: =VLOOKUP(B:B,[1]FBA库存明细10.19!$L:$Q,6,0) -> 0 | F10: =VLOOKUP(B:B,[1]FBA库存明细10.19!$L:$T,9,0) -> 15 | G10: =D10+F10 -> 15 | H10: =VLOOKUP(A:A,[1]进销存10.20!$A:$J,10,0) -> 13 | I10: =VLOOKUP(A:A,[1]进销存10.20!$A:$K,11,0) -> 14 | J10: =VLOOKUP(A:A,[1]进销存10.20!$A:$L,12,0) -> 12
A11: KC2EWP27200 | B11: B0HD63SR81 | C11: 9377EWP2729US | D11: =VLOOKUP(B:B,[1]FBA库存明细10.19!$L:$P,5,0) -> 0 | E11: =VLOOKUP(B:B,[1]FBA库存明细10.19!$L:$Q,6,0) -> 0 | F11: =VLOOKUP(B:B,[1]FBA库存明细10.19!$L:$T,9,0) -> 18 | G11: =D11+F11 -> 18 | H11: =VLOOKUP(A:A,[1]进销存10.20!$A:$J,10,0) -> 16 | I11: =VLOOKUP(A:A,[1]进销存10.20!$A:$K,11,0) -> 7 | J11: =VLOOKUP(A:A,[1]进销存10.20!$A:$L,12,0) -> 1
A12: KC2EWP25900 | B12: B0HD6KLS53 | C12: 6214EWP259TUS | D12: =VLOOKUP(B:B,[1]FBA库存明细10.19!$L:$P,5,0) -> 0 | E12: =VLOOKUP(B:B,[1]FBA库存明细10.19!$L:$Q,6,0) -> 0 | F12: =VLOOKUP(B:B,[1]FBA库存明细10.19!$L:$T,9,0) -> 24 | G12: =D12+F12 -> 24 | H12: =VLOOKUP(A:A,[1]进销存10.20!$A:$J,10,0) -> 12 | I12: =VLOOKUP(A:A,[1]进销存10.20!$A:$K,11,0) -> 4 | J12: =VLOOKUP(A:A,[1]进销存10.20!$A:$L,12,0) -> 41
A13: KC2EWP16800 | B13: B0H7Z8F943 | C13: 1682EWP168PUS | D13: =VLOOKUP(B:B,[1]FBA库存明细10.19!$L:$P,5,0) -> #N/A | E13: =VLOOKUP(B:B,[1]FBA库存明细10.19!$L:$Q,6,0) -> #N/A | F13: =VLOOKUP(B:B,[1]FBA库存明细10.19!$L:$T,9,0) -> #N/A | G13: =D13+F13 -> #N/A | H13: =VLOOKUP(A:A,[1]进销存10.20!$A:$J,10,0) -> 0 | I13: =VLOOKUP(A:A,[1]进销存10.20!$A:$K,11,0) -> 4 | J13: =VLOOKUP(A:A,[1]进销存10.20!$A:$L,12,0) -> 1
... A43: KC2EWP24400 | B43: B0HD5ZFHQ6 | C43: 5173EWP244EUS | D43: =VLOOKUP(B:B,[1]FBA库存明细10.19!$L:$P,5,0) -> #N/A | E43: =VLOOKUP(B:B,[1]FBA库存明细10.19!$L:$Q,6,0) -> #N/A | F43: =VLOOKUP(B:B,[1]FBA库存明细10.19!$L:$T,9,0) -> #N/A | G43: =D43+F43 -> #N/A | H43: =VLOOKUP(A:A,[1]进销存10.20!$A:$J,10,0) -> 0 | I43: =VLOOKUP(A:A,[1]进销存10.20!$A:$K,11,0) -> 14 | J43: =VLOOKUP(A:A,[1]进销存10.20!$A:$L,12,0) -> 27

Sheet Sheet2
A1: 平台销售编码 | B1: 商编 | C1: sku | D1: 商品等级 | E1: 新老品 | F1: Q2 BCG | G1: Q3 BCG | H1: 是否主推 | I1: 可用库存 | J1: 可售库存 | K1: 头程在途 | L1: 7月销量 | M1: 8月销量 | N1: 9月销量 | O1: 10月销量-10.16 | P1: 加权月销 | Q1: 离岸库销比 | R1: 建议补货数量 | S1: 补货数量10.21
A2: B0HD5Q89RG | B2: OO2EWP02900 | C2: 5867EWP029MUS | D2: #N/A | E2: 老品 | F2: #N/A | G2: 潜力 | H2: 是 | I2: 0 | J2: 0 | K2: 0 | L2: 2 | M2: 1 | N2: 1 | O2: 0 | P2: 1.0666667 | Q2: 0 | R2: 3.2 | S2: 10
A3: B0H7Z8F943 | B3: KC2EWP16800 | C3: 1682EWP168PUS | D3: #N/A | E3: 新品 | F3: #N/A | G3: 明星 | H3: 是 | I3: #N/A | J3: #N/A | K3: #N/A | L3: 1 | M3: 6 | N3: 12 | O3: 2 | P3: 7.5666667 | Q3: #N/A | R3: #N/A | S3: 30
A4: B0HD5ZCWZ3 | B4: KC2EWP28100 | C4: 4424EWP281EUS | D4: #N/A | E4: 新品 | F4: #N/A | G4: 潜力 | H4: 是 | I4: 0 | J4: 0 | K4: 4 | L4: 0 | M4: 0 | N4: 2 | O4: 2 | P4: 2.4333333 | Q4: 1.6438356 | R4: 3.3 | S4: 10
A5: B0HD5F5Z54 | B5: KC2EWP13700 | C5: 8732EWP137GUS | D5: #N/A | E5: 新品 | F5: #N/A | G5: 潜力 | H5: 是 | I5: #N/A | J5: #N/A | K5: #N/A | L5: 0 | M5: 0 | N5: 2 | O5: 2 | P5: 2.4333333 | Q5: #N/A | R5: #N/A | S5: 10
A6: B0HD5TLX7B | B6: KC2EWP15500 | C6: 5337EWP155VUS | D6: #N/A | E6: 新品 | F6: #N/A | G6: 潜力 | H6: 是 | I6: #N/A | J6: #N/A | K6: #N/A | L6: 0 | M6: 0 | N6: 2 | O6: 1 | P6: 1.6833333 | Q6: #N/A | R6: #N/A | S6: 10
A7: B0HD6KCVB5 | B7: KC2EWP25000 | C7: 9395EWP250WUS | D7: #N/A | E7: 新品 | F7: #N/A | G7: 潜力 | H7: 是 | I7: 0 | J7: 0 | K7: 6 | L7: 0 | M7: 0 | N7: 1 | O7: 4 | P7: 3.4666667 | Q7: 1.7307692 | R7: 4.4 | S7: 10
A8: B0FZGM1YGD | B8: OO2EWP07300 | C8: 7835EWP073GUS | D8: #N/A | E8: 老品 | F8: 瘦狗 | G8: 金牛 | H8: 是 | I8: 6 | J8: 4 | K8: 0 | L8: 5 | M8: 3 | N8: 1 | O8: 2 | P8: 4.1 | Q8: 1.4634146 | R8: 6.3 | S8: 10
A9: B0H6X437R5 | B9: KC2EWP23200 | C9: 4098EWP2328US | D9: #N/A | E9: 新品 | F9: #N/A | G9: 潜力 | H9: 是 | I9: 1 | J9: 1 | K9: 0 | L9: 0 | M9: 0 | N9: 5 | O9: 2 | P9: 3.8333333 | Q9: 0.26086957 | R9: 10.5 | S9: 15
